jet,build_year,active_us_fleet,sales_last_5_years
Challenger 300,,16,7
Challenger 300,2001,1,0
Challenger 300,2002,1,1
Challenger 300,2003,2,1
Challenger 300,2004,22,12
Challenger 300,2005,37,23
Challenger 300,2006,45,23
Challenger 300,2007,44,24
Challenger 300,2008,45,25
Challenger 300,2009,23,12
Challenger 300,2010,22,13
Challenger 300,2011,28,15
Challenger 300,2012,32,17
Challenger 300,2013,44,21
Challenger 300,2014,14,4
Challenger 300,2015,1,0
Challenger 300,2017,1,0
Challenger 300,2021,1,0
Challenger 350,,25,19
Challenger 350,2014,24,20
Challenger 350,2015,47,35
Challenger 350,2016,45,34
Challenger 350,2017,41,29
Challenger 350,2018,43,29
Challenger 350,2019,42,25
Challenger 350,2020,25,11
Challenger 350,2021,17,8
Citation Latitude,,12,8
Citation Latitude,2014,4,0
Citation Latitude,2015,12,5
Citation Latitude,2016,40,30
Citation Latitude,2017,43,31
Citation Latitude,2018,45,36
Citation Latitude,2019,45,35
Citation Latitude,2020,15,10
Citation Latitude,2021,28,22
Citation Latitude,2022,30,20
Citation Latitude,2023,31,20
Citation Latitude,2024,37,9
Citation Latitude,2025,41,0
Citation Latitude,2026,16,0
Citation Longitude,,11,2
Citation Longitude,2016,2,0
Citation Longitude,2017,4,1
Citation Longitude,2019,12,7
Citation Longitude,2020,20,15
Citation Longitude,2021,24,15
Citation Longitude,2022,21,16
Citation Longitude,2023,20,8
Citation Longitude,2024,22,9
Citation Longitude,2025,22,0
Citation Longitude,2026,14,0
Citation Sovereign,,5,7
Citation Sovereign,2004,9,6
Citation Sovereign,2005,29,17
Citation Sovereign,2006,30,21
Citation Sovereign,2007,42,23
Citation Sovereign,2008,52,28
Citation Sovereign,2009,16,12
Citation Sovereign,2010,7,5
Citation Sovereign,2011,11,7
Citation Sovereign,2012,14,4
Citation Sovereign,2013,3,1
Citation Sovereign,2021,1,1
Citation X,,3,3
Citation X,1996,7,4
Citation X,1997,18,14
Citation X,1998,30,19
Citation X,1999,26,15
Citation X,2000,27,25
Citation X,2001,33,19
Citation X,2002,27,13
Citation X,2003,12,3
Citation X,2004,11,7
Citation X,2005,9,9
Citation X,2006,10,10
Citation X,2007,12,10
Citation X,2008,14,7
Citation X,2009,6,4
Citation X,2010,1,1
Citation X,2011,3,3
Citation X,2012,3,3
Citation XLS,,9,7
Citation XLS,2004,24,12
Citation XLS,2005,38,22
Citation XLS,2006,45,23
Citation XLS,2007,53,31
Citation XLS,2008,36,13
Citation XLS,2009,3,1
Embraer Legacy 450,2015,1,1
Embraer Legacy 450,2016,10,6
Embraer Legacy 450,2017,9,7
Embraer Legacy 450,2018,11,9
Embraer Legacy 450,2019,11,12
Embraer Legacy 500,,2,0
Embraer Legacy 500,2012,1,1
Embraer Legacy 500,2014,0,1
Embraer Legacy 500,2015,13,4
Embraer Legacy 500,2016,13,7
Embraer Legacy 500,2017,4,1
Embraer Legacy 500,2018,6,4
Embraer Legacy 500,2019,6,2
Embraer Legacy 500,2020,1,0
Embraer Praetor 600,,15,14
Embraer Praetor 600,2019,7,5
Embraer Praetor 600,2020,10,5
Embraer Praetor 600,2021,10,6
Embraer Praetor 600,2022,10,3
Embraer Praetor 600,2023,14,4
Embraer Praetor 600,2024,18,4
Embraer Praetor 600,2025,21,1
Embraer Praetor 600,2026,5,0
Gulfstream G200,,6,8
Gulfstream G200,1999,5,4
Gulfstream G200,2000,14,11
Gulfstream G200,2001,14,8
Gulfstream G200,2002,20,10
Gulfstream G200,2003,5,5
Gulfstream G200,2004,12,11
Gulfstream G200,2005,17,14
Gulfstream G200,2006,14,12
Gulfstream G200,2007,20,17
Gulfstream G200,2008,23,15
Gulfstream G200,2009,6,7
Gulfstream G200,2010,2,4
Gulfstream G200,2011,2,1
Gulfstream G280,,24,33
Gulfstream G280,2000,1,0
Gulfstream G280,2010,1,0
Gulfstream G280,2011,1,1
Gulfstream G280,2012,10,9
Gulfstream G280,2013,16,10
Gulfstream G280,2014,22,10
Gulfstream G280,2015,23,7
Gulfstream G280,2016,20,11
Gulfstream G280,2017,22,8
Gulfstream G280,2018,30,12
Gulfstream G280,2019,23,9
Gulfstream G280,2020,17,2
Gulfstream G280,2021,12,5
Gulfstream G280,2022,18,5
Gulfstream G280,2023,17,4
Gulfstream G280,2024,18,1
Gulfstream G280,2025,14,0
Hawker 800XP,,18,19
Hawker 800XP,1995,4,4
Hawker 800XP,1996,16,10
Hawker 800XP,1997,13,11
Hawker 800XP,1998,21,14
Hawker 800XP,1999,25,17
Hawker 800XP,2000,28,17
Hawker 800XP,2001,34,24
Hawker 800XP,2002,34,19
Hawker 800XP,2003,23,17
Hawker 800XP,2004,31,22
Hawker 800XP,2005,22,21
Hawker 800XP,2006,5,6
Hawker 800XP,2007,2,3
Learjet 60,,25,24
Learjet 60,1992,1,1
Learjet 60,1993,6,5
Learjet 60,1994,11,6
Learjet 60,1995,4,4
Learjet 60,1996,13,10
Learjet 60,1997,17,7
Learjet 60,1998,17,11
Learjet 60,1999,9,5
Learjet 60,2000,19,14
Learjet 60,2001,22,12
Learjet 60,2002,10,6
Learjet 60,2003,4,2
Learjet 60,2004,4,3
Learjet 60,2005,9,9
Learjet 60,2006,12,3
Learjet 60,2007,11,6
Learjet 60,2008,17,8
Learjet 60,2009,2,2
Learjet 60,2010,6,5
Learjet 60,2011,9,5
Learjet 60,2012,6,3
Learjet 60,2013,5,4
