jet,active_us_fleet,sales_last_5_years,sales_per_year_avg,most_sold_build_years,list,of_which_exported,bills_of_sale_23mar_1oct_2026,bills_of_sale_per_year_2026_pace
Citation XLS,208,109,21.8,2004-2008,Main list,8,4,7.6
Citation Latitude,399,226,45.2,2016-2020,Main list,12,29,55.1
Citation Sovereign,219,132,26.4,2005-2009,Main list,32,7,13.3
Hawker 800XP,276,204,40.8,2001-2005,Main list,36,5,9.5
Learjet 60,239,155,31.0,1997-2001,Main list,23,4,7.6
Challenger 300,379,198,39.6,2004-2008,Main list,10,10,19.0
Challenger 350,309,210,42.0,2015-2019,Main list,17,10,19.0
Gulfstream G280,289,127,25.4,2014-2018,Main list,25,9,17.1
Embraer Praetor 600,110,42,8.4,2019-2023,Main list,9,23,43.7
Citation X,252,169,33.8,1997-2001,Main list,10,7,13.3
Gulfstream G200,160,127,25.4,2004-2008,Alternate,18,4,7.6
Embraer Legacy 500,46,20,4.0,2015-2019,Alternate,5,0,0.0
Embraer Legacy 450,42,35,7.0,2015-2019,Alternate,5,2,3.8
Citation Longitude,172,73,14.6,2020-2024,Alternate,4,42,79.8
