jet,list,faa_model_code,faa_manufacturer,faa_model_name,serial_or_year_rule,split_source,notes
Citation XLS,Main list,2076702,CESSNA,560XL,"Model 560XL serials 560-5501 to 560-5830. Excel is 560-5001 to 560-5373, XLS+ starts at 560-6001.",https://en.wikipedia.org/wiki/Cessna_Citation_Excel,"FAA files Excel, XLS and XLS+ under one model (560XL). Split by the serial-number gaps visible in the registry (5373 to 5501, 5830 to 6001), which match the production counts on Wikipedia (308 Excel, 330 XLS)."
Citation XLS,Main list,2076704,CESSNA AIRCRAFT CO,560XL,"Model 560XL serials 560-5501 to 560-5830. Excel is 560-5001 to 560-5373, XLS+ starts at 560-6001.",https://en.wikipedia.org/wiki/Cessna_Citation_Excel,"FAA files Excel, XLS and XLS+ under one model (560XL). Split by the serial-number gaps visible in the registry (5373 to 5501, 5830 to 6001), which match the production counts on Wikipedia (308 Excel, 330 XLS)."
Citation XLS,Main list,2076710,TEXTRON AVIATION INC,560XL,"Model 560XL serials 560-5501 to 560-5830. Excel is 560-5001 to 560-5373, XLS+ starts at 560-6001.",https://en.wikipedia.org/wiki/Cessna_Citation_Excel,"FAA files Excel, XLS and XLS+ under one model (560XL). Split by the serial-number gaps visible in the registry (5373 to 5501, 5830 to 6001), which match the production counts on Wikipedia (308 Excel, 330 XLS)."
Citation XLS,Main list,2076703,CESSNA AIRCRAFT CO,560XLS,"Model 560XL serials 560-5501 to 560-5830. Excel is 560-5001 to 560-5373, XLS+ starts at 560-6001.",https://en.wikipedia.org/wiki/Cessna_Citation_Excel,"FAA files Excel, XLS and XLS+ under one model (560XL). Split by the serial-number gaps visible in the registry (5373 to 5501, 5830 to 6001), which match the production counts on Wikipedia (308 Excel, 330 XLS)."
Citation XLS,Main list,2076745,CESSNA AIRCRAFT CO,560XLS+,"Model 560XL serials 560-5501 to 560-5830. Excel is 560-5001 to 560-5373, XLS+ starts at 560-6001.",https://en.wikipedia.org/wiki/Cessna_Citation_Excel,"FAA files Excel, XLS and XLS+ under one model (560XL). Split by the serial-number gaps visible in the registry (5373 to 5501, 5830 to 6001), which match the production counts on Wikipedia (308 Excel, 330 XLS)."
Citation Latitude,Main list,2076813,CESSNA,680A,All Model 680A aircraft.,https://registry.faa.gov/database/ReleasableAircraft.zip,"One FAA model, one jet."
Citation Latitude,Main list,2076814,TEXTRON AVIATION INC,680A,All Model 680A aircraft.,https://registry.faa.gov/database/ReleasableAircraft.zip,"One FAA model, one jet."
Citation Latitude,Main list,2076816,CESSNA AIRCRAFT CO,680A,All Model 680A aircraft.,https://registry.faa.gov/database/ReleasableAircraft.zip,"One FAA model, one jet."
Citation Latitude,Main list,2076817,CESSNA AIRCRAFT INC,680A,All Model 680A aircraft.,https://registry.faa.gov/database/ReleasableAircraft.zip,"One FAA model, one jet."
Citation Sovereign,Main list,2076811,CESSNA,680,Model 680 serials 680-0001 to 680-0500. Sovereign+ starts at 680-0501.,https://en.wikipedia.org/wiki/Cessna_Citation_Sovereign,"Sovereign+ (newer, more expensive) excluded so prices match one model."
Citation Sovereign,Main list,2076815,TEXTRON AVIATION INC,680,Model 680 serials 680-0001 to 680-0500. Sovereign+ starts at 680-0501.,https://en.wikipedia.org/wiki/Cessna_Citation_Sovereign,"Sovereign+ (newer, more expensive) excluded so prices match one model."
Citation Sovereign,Main list,2076821,CESSNA AIRCRAFT CO,680,Model 680 serials 680-0001 to 680-0500. Sovereign+ starts at 680-0501.,https://en.wikipedia.org/wiki/Cessna_Citation_Sovereign,"Sovereign+ (newer, more expensive) excluded so prices match one model."
Hawker 800XP,Main list,4220000,HAWKER BEECHCRAFT CORP,HAWKER 800XP,FAA model names HAWKER 800XP (all three manufacturer codes).,https://registry.faa.gov/database/ReleasableAircraft.zip,Hawker 850XP and 900XP have their own FAA model names and are excluded.
Hawker 800XP,Main list,7150012,RAYTHEON AIRCRAFT COMPANY,HAWKER 800XP,FAA model names HAWKER 800XP (all three manufacturer codes).,https://registry.faa.gov/database/ReleasableAircraft.zip,Hawker 850XP and 900XP have their own FAA model names and are excluded.
Hawker 800XP,Main list,7450006,RAYTHEON CORPORATE JETS INC,HAWKER 800XP,FAA model names HAWKER 800XP (all three manufacturer codes).,https://registry.faa.gov/database/ReleasableAircraft.zip,Hawker 850XP and 900XP have their own FAA model names and are excluded.
Learjet 60,Main list,5170707,LEARJET INC,60,Model 60 and 60 XR.,https://registry.faa.gov/database/ReleasableAircraft.zip,"60XR is an avionics and interior update of the same airframe. FAA files most XRs as model 60, so they are counted together."
Learjet 60,Main list,5170710,LEARJET INC,60 XR,Model 60 and 60 XR.,https://registry.faa.gov/database/ReleasableAircraft.zip,"60XR is an avionics and interior update of the same airframe. FAA files most XRs as model 60, so they are counted together."
Challenger 300,Main list,1390044,BOMBARDIER INC,BD-100-1A10,Model BD-100-1A10 serials 20003 to 20500.,https://www.flugzeuginfo.net/acdata_php/acdata_challenger300_dt.php,"Challenger 300, 350 and 3500 share one FAA model. Serials up to 20500 are Challenger 300."
Challenger 300,Main list,1390050,BOMBARDIER AEROSPACE INC,BD-100-1A10,Model BD-100-1A10 serials 20003 to 20500.,https://www.flugzeuginfo.net/acdata_php/acdata_challenger300_dt.php,"Challenger 300, 350 and 3500 share one FAA model. Serials up to 20500 are Challenger 300."
Challenger 350,Main list,1390044,BOMBARDIER INC,BD-100-1A10,Model BD-100-1A10 serials 20501 to 20900.,https://www.flugzeuginfo.net/acdata_php/acdata_challenger300_dt.php,"Starts at 20501 (published). End at 20900 is our split: the registry shows a jump from 20897 (2021) to 20901 (2022), when Challenger 3500 deliveries began. Challenger 3500 (20901 and up) excluded."
Challenger 350,Main list,1390050,BOMBARDIER AEROSPACE INC,BD-100-1A10,Model BD-100-1A10 serials 20501 to 20900.,https://www.flugzeuginfo.net/acdata_php/acdata_challenger300_dt.php,"Starts at 20501 (published). End at 20900 is our split: the registry shows a jump from 20897 (2021) to 20901 (2022), when Challenger 3500 deliveries began. Challenger 3500 (20901 and up) excluded."
Gulfstream G280,Main list,3980218,IAI LTD,GULFSTREAM G280,FAA model name GULFSTREAM G280.,https://registry.faa.gov/database/ReleasableAircraft.zip,One jet.
Gulfstream G280,Main list,4500314,IAI LTD,GULFSTREAM G280,FAA model name GULFSTREAM G280.,https://registry.faa.gov/database/ReleasableAircraft.zip,One jet.
Embraer Praetor 600,Main list,3260425,EMBRAER SA,EMB-550,Model EMB-550 serials 55020001 and up.,https://registry.faa.gov/database/ReleasableAircraft.zip,"Legacy 500 and Praetor 600 share model EMB-550. Registry shows Legacy 500 serials 55000xxx (2012-2020) and a new series 55020xxx from 2019, when Praetor 600 deliveries began (Wikipedia). Split is our reading of the registry."
Embraer Praetor 600,Main list,3260426,EMBRAER SA,EMB-550,Model EMB-550 serials 55020001 and up.,https://registry.faa.gov/database/ReleasableAircraft.zip,"Legacy 500 and Praetor 600 share model EMB-550. Registry shows Legacy 500 serials 55000xxx (2012-2020) and a new series 55020xxx from 2019, when Praetor 600 deliveries began (Wikipedia). Split is our reading of the registry."
Embraer Praetor 600,Main list,3260450,EMBRAER EXECUTIVE AIRCRAFT INC,EMB-550,Model EMB-550 serials 55020001 and up.,https://registry.faa.gov/database/ReleasableAircraft.zip,"Legacy 500 and Praetor 600 share model EMB-550. Registry shows Legacy 500 serials 55000xxx (2012-2020) and a new series 55020xxx from 2019, when Praetor 600 deliveries began (Wikipedia). Split is our reading of the registry."
Citation X,Main list,2076809,CESSNA AIRCRAFT CO,750,Model 750 serials 750-0001 to 750-0499. Citation X+ starts at 750-0501.,https://en.wikipedia.org/wiki/Cessna_Citation_X,"Citation X+ (29 built, much higher price) excluded. Split by the serial gap visible in the registry, which matches Wikipedia's 310 X / 29 X+ count."
Citation X,Main list,2076810,CESSNA,750,Model 750 serials 750-0001 to 750-0499. Citation X+ starts at 750-0501.,https://en.wikipedia.org/wiki/Cessna_Citation_X,"Citation X+ (29 built, much higher price) excluded. Split by the serial gap visible in the registry, which matches Wikipedia's 310 X / 29 X+ count."
Citation X,Main list,2076820,TEXTRON AVIATION INC,750,Model 750 serials 750-0001 to 750-0499. Citation X+ starts at 750-0501.,https://en.wikipedia.org/wiki/Cessna_Citation_X,"Citation X+ (29 built, much higher price) excluded. Split by the serial gap visible in the registry, which matches Wikipedia's 310 X / 29 X+ count."
Gulfstream G200,Alternate,4500105,ISRAEL AEROSPACE INDUSTRIESLTD,G200,"FAA model names G200, GULFSTREAM 200, GALAXY.",https://registry.faa.gov/database/ReleasableAircraft.zip,Galaxy is the original name of the G200; counted together.
Gulfstream G200,Alternate,4500311,ISRAEL AIRCRAFT INDUSTRIES LTD,G200,"FAA model names G200, GULFSTREAM 200, GALAXY.",https://registry.faa.gov/database/ReleasableAircraft.zip,Galaxy is the original name of the G200; counted together.
Gulfstream G200,Alternate,3980401,GULFSTREAM AEROSPACE LP,GALAXY,"FAA model names G200, GULFSTREAM 200, GALAXY.",https://registry.faa.gov/database/ReleasableAircraft.zip,Galaxy is the original name of the G200; counted together.
Gulfstream G200,Alternate,4500307,ISRAEL AIRCRAFT INDUSTRIES,GALAXY,"FAA model names G200, GULFSTREAM 200, GALAXY.",https://registry.faa.gov/database/ReleasableAircraft.zip,Galaxy is the original name of the G200; counted together.
Gulfstream G200,Alternate,3980304,GULFSTREAM AEROSPACE,GALAXY GSTREAM 200,"FAA model names G200, GULFSTREAM 200, GALAXY.",https://registry.faa.gov/database/ReleasableAircraft.zip,Galaxy is the original name of the G200; counted together.
Gulfstream G200,Alternate,3980202,GULFSTREAM AEROSPACE,GULFSTREAM 200,"FAA model names G200, GULFSTREAM 200, GALAXY.",https://registry.faa.gov/database/ReleasableAircraft.zip,Galaxy is the original name of the G200; counted together.
Gulfstream G200,Alternate,3980211,GULFSTREAM AEROSPACE LP,GULFSTREAM 200,"FAA model names G200, GULFSTREAM 200, GALAXY.",https://registry.faa.gov/database/ReleasableAircraft.zip,Galaxy is the original name of the G200; counted together.
Gulfstream G200,Alternate,4500107,ISRAEL AEROSPACE IND LTD,GULFSTREAM 200,"FAA model names G200, GULFSTREAM 200, GALAXY.",https://registry.faa.gov/database/ReleasableAircraft.zip,Galaxy is the original name of the G200; counted together.
Gulfstream G200,Alternate,4500308,ISRAEL AIRCRAFT INDUSTRIES,GULFSTREAM 200,"FAA model names G200, GULFSTREAM 200, GALAXY.",https://registry.faa.gov/database/ReleasableAircraft.zip,Galaxy is the original name of the G200; counted together.
Gulfstream G200,Alternate,4500400,IAI LTD,GULFSTREAM 200,"FAA model names G200, GULFSTREAM 200, GALAXY.",https://registry.faa.gov/database/ReleasableAircraft.zip,Galaxy is the original name of the G200; counted together.
Embraer Legacy 500,Alternate,3260425,EMBRAER SA,EMB-550,Model EMB-550 serials 55000001 to 55009999.,https://registry.faa.gov/database/ReleasableAircraft.zip,See Praetor 600.
Embraer Legacy 500,Alternate,3260426,EMBRAER SA,EMB-550,Model EMB-550 serials 55000001 to 55009999.,https://registry.faa.gov/database/ReleasableAircraft.zip,See Praetor 600.
Embraer Legacy 500,Alternate,3260450,EMBRAER EXECUTIVE AIRCRAFT INC,EMB-550,Model EMB-550 serials 55000001 to 55009999.,https://registry.faa.gov/database/ReleasableAircraft.zip,See Praetor 600.
Embraer Legacy 450,Alternate,3260400,EMBRAER EXECUTIVE AIRCRAFT INC,EMB-545,Model EMB-545 built 2015 to 2019.,https://en.wikipedia.org/wiki/Embraer_Legacy_450/500_and_Praetor_500/600,Praetor 500 (EMB-545 from late 2019) excluded by build year; this split is approximate.
Embraer Legacy 450,Alternate,3260418,EMBRAER S A,EMB-545,Model EMB-545 built 2015 to 2019.,https://en.wikipedia.org/wiki/Embraer_Legacy_450/500_and_Praetor_500/600,Praetor 500 (EMB-545 from late 2019) excluded by build year; this split is approximate.
Embraer Legacy 450,Alternate,3260421,EMBRAER S A,EMB-545 LR,Model EMB-545 built 2015 to 2019.,https://en.wikipedia.org/wiki/Embraer_Legacy_450/500_and_Praetor_500/600,Praetor 500 (EMB-545 from late 2019) excluded by build year; this split is approximate.
Citation Longitude,Alternate,2076819,TEXTRON AVIATION INC,700,Model 700.,https://registry.faa.gov/database/ReleasableAircraft.zip,One jet.
