jet,build_year,price,kind,source_name,source_url,source_date,notes
Challenger 300,,10500000,Article estimate,"Bolt Flight, Challenger 300 Ownership vs. Charter in 2026",https://boltflight.com/challenger-300-ownership-vs-charter-in-2026-how-many-flight-hours-make-buying-worth-it/,2026-08-13,'A used Challenger 300 costs roughly $10.5 million' (no build year given)
Challenger 300,2003,8100000,Reported sale,"Radar (RadarDB), Bombardier Challenger 300 model page",https://www.useradar.com/aircraft/models/bombardier-challenger-300,read 2026-10-06,"Source-reported sale shown on Radar, sold 2026-03-23, on engine program"
Challenger 300,2003,5900000,Value model,"Radar (RadarDB), Bombardier Challenger 300 model page",https://www.useradar.com/aircraft/models/bombardier-challenger-300,read 2026-10-06,"Radar value model at typical hours, on an engine program"
Challenger 300,2004,11250000,Article estimate,"Business Jet Traveler used jet review, Challenger 300 additional information (Conklin & de Decker data)",https://www.bjtonline.com/sites/default/files/pdfs/challenger300_addlinfo.pdf,2013-03-18,"Insured hull value used in Conklin & de Decker fixed-cost example (2004 model), about 2013; dated"
Challenger 300,2004,6300000,Value model,"Radar (RadarDB), Bombardier Challenger 300 model page",https://www.useradar.com/aircraft/models/bombardier-challenger-300,read 2026-10-06,"Radar value model at typical hours, on an engine program"
Challenger 300,2005,8800000,Reported sale,"Radar (RadarDB), Bombardier Challenger 300 model page",https://www.useradar.com/aircraft/models/bombardier-challenger-300,read 2026-10-06,"Source-reported sale shown on Radar, sold 2026-04-03, on engine program"
Challenger 300,2005,6800000,Value model,"Radar (RadarDB), Bombardier Challenger 300 model page",https://www.useradar.com/aircraft/models/bombardier-challenger-300,read 2026-10-06,"Radar value model at typical hours, on an engine program"
Challenger 300,2006,7500000,Value model,"Radar (RadarDB), Bombardier Challenger 300 model page",https://www.useradar.com/aircraft/models/bombardier-challenger-300,read 2026-10-06,"Radar value model at typical hours, on an engine program"
Challenger 300,2007,10600000,Reported sale,"Radar (RadarDB), Bombardier Challenger 300 model page",https://www.useradar.com/aircraft/models/bombardier-challenger-300,read 2026-10-06,"Source-reported sale shown on Radar, sold 2026-04-24, on engine program"
Challenger 300,2007,8200000,Value model,"Radar (RadarDB), Bombardier Challenger 300 model page",https://www.useradar.com/aircraft/models/bombardier-challenger-300,read 2026-10-06,"Radar value model at typical hours, on an engine program"
Challenger 300,2008,8900000,Value model,"Radar (RadarDB), Bombardier Challenger 300 model page",https://www.useradar.com/aircraft/models/bombardier-challenger-300,read 2026-10-06,"Radar value model at typical hours, on an engine program"
Challenger 300,2009,9600000,Value model,"Radar (RadarDB), Bombardier Challenger 300 model page",https://www.useradar.com/aircraft/models/bombardier-challenger-300,read 2026-10-06,"Radar value model at typical hours, on an engine program"
Challenger 300,2010,10400000,Value model,"Radar (RadarDB), Bombardier Challenger 300 model page",https://www.useradar.com/aircraft/models/bombardier-challenger-300,read 2026-10-06,"Radar value model at typical hours, on an engine program"
Challenger 300,2011,12100000,Reported sale,"Radar (RadarDB), Bombardier Challenger 300 model page",https://www.useradar.com/aircraft/models/bombardier-challenger-300,read 2026-10-06,"Source-reported sale shown on Radar, sold 2026-06-09, on engine program"
Challenger 300,2011,11200000,Value model,"Radar (RadarDB), Bombardier Challenger 300 model page",https://www.useradar.com/aircraft/models/bombardier-challenger-300,read 2026-10-06,"Radar value model at typical hours, on an engine program"
Challenger 300,2012,11500000,Reported sale,"Radar (RadarDB), Bombardier Challenger 300 model page",https://www.useradar.com/aircraft/models/bombardier-challenger-300,read 2026-10-06,"Source-reported sale shown on Radar, sold 2026-06-10, on engine program"
Challenger 300,2012,11900000,Value model,"Radar (RadarDB), Bombardier Challenger 300 model page",https://www.useradar.com/aircraft/models/bombardier-challenger-300,read 2026-10-06,"Radar value model at typical hours, on an engine program"
Challenger 300,2013,12900000,Reported sale,"Radar (RadarDB), Bombardier Challenger 300 model page",https://www.useradar.com/aircraft/models/bombardier-challenger-300,read 2026-10-06,"Source-reported sale shown on Radar, sold 2026-07-10, on engine program"
Challenger 300,2013,12900000,Value model,"Radar (RadarDB), Bombardier Challenger 300 model page",https://www.useradar.com/aircraft/models/bombardier-challenger-300,read 2026-10-06,"Radar value model at typical hours, on an engine program"
Challenger 300,2014,13800000,Value model,"Radar (RadarDB), Bombardier Challenger 300 model page",https://www.useradar.com/aircraft/models/bombardier-challenger-300,read 2026-10-06,"Radar value model at typical hours, on an engine program"
Challenger 350,,17900000,Article estimate,"Private Jet Card Comparisons, Bombardier Challenger 350 page",https://privatejetcardcomparisons.com/aircraft/bombardier/challenger-350/,read 2026-10-06,"'Used models start around $17,900,000' (no build year given)"
Challenger 350,2014,15100000,Reported sale,"Radar (RadarDB), Bombardier Challenger 350 model page",https://www.useradar.com/aircraft/models/bombardier-challenger-350,read 2026-10-06,"Source-reported sale shown on Radar, sold 2026-01-27"
Challenger 350,2014,12900000,Value model,"Radar (RadarDB), Bombardier Challenger 350 model page",https://www.useradar.com/aircraft/models/bombardier-challenger-350,read 2026-10-06,"Radar value model at typical hours, on an engine program"
Challenger 350,2015,14000000,Value model,"Radar (RadarDB), Bombardier Challenger 350 model page",https://www.useradar.com/aircraft/models/bombardier-challenger-350,read 2026-10-06,"Radar value model at typical hours, on an engine program"
Challenger 350,2016,13300000,Reported sale,"Radar (RadarDB), Bombardier Challenger 350 model page",https://www.useradar.com/aircraft/models/bombardier-challenger-350,read 2026-10-06,"Source-reported sale shown on Radar, sold 2026-06-03"
Challenger 350,2016,15200000,Value model,"Radar (RadarDB), Bombardier Challenger 350 model page",https://www.useradar.com/aircraft/models/bombardier-challenger-350,read 2026-10-06,"Radar value model at typical hours, on an engine program"
Challenger 350,2017,18300000,Reported sale,"Radar (RadarDB), Bombardier Challenger 350 model page",https://www.useradar.com/aircraft/models/bombardier-challenger-350,read 2026-10-06,"Source-reported sale shown on Radar, sold 2026-07-15"
Challenger 350,2017,16500000,Value model,"Radar (RadarDB), Bombardier Challenger 350 model page",https://www.useradar.com/aircraft/models/bombardier-challenger-350,read 2026-10-06,"Radar value model at typical hours, on an engine program"
Challenger 350,2018,16400000,Reported sale,"Radar (RadarDB), Bombardier Challenger 350 model page",https://www.useradar.com/aircraft/models/bombardier-challenger-350,read 2026-10-06,"Source-reported sale shown on Radar, sold 2026-06-24"
Challenger 350,2018,18000000,Value model,"Radar (RadarDB), Bombardier Challenger 350 model page",https://www.useradar.com/aircraft/models/bombardier-challenger-350,read 2026-10-06,"Radar value model at typical hours, on an engine program"
Challenger 350,2019,21000000,Reported sale,"Radar (RadarDB), Bombardier Challenger 350 model page",https://www.useradar.com/aircraft/models/bombardier-challenger-350,read 2026-10-06,"Source-reported sale shown on Radar, sold 2026-04-15"
Challenger 350,2019,19600000,Value model,"Radar (RadarDB), Bombardier Challenger 350 model page",https://www.useradar.com/aircraft/models/bombardier-challenger-350,read 2026-10-06,"Radar value model at typical hours, on an engine program"
Challenger 350,2020,21600000,Value model,"Radar (RadarDB), Bombardier Challenger 350 model page",https://www.useradar.com/aircraft/models/bombardier-challenger-350,read 2026-10-06,"Radar value model at typical hours, on an engine program"
Challenger 350,2021,23800000,Value model,"Radar (RadarDB), Bombardier Challenger 350 model page",https://www.useradar.com/aircraft/models/bombardier-challenger-350,read 2026-10-06,"Radar value model at typical hours, on an engine program"
Challenger 350,2022,25900000,Value model,"Radar (RadarDB), Bombardier Challenger 350 model page",https://www.useradar.com/aircraft/models/bombardier-challenger-350,read 2026-10-06,"Radar value model at typical hours, on an engine program"
Challenger 350,2023,25300000,Reported sale,"Radar (RadarDB), Bombardier Challenger 350 model page",https://www.useradar.com/aircraft/models/bombardier-challenger-350,read 2026-10-06,"Source-reported sale shown on Radar, sold 2026-03-24"
Citation Latitude,2016-2026,11500000,Asking price range,"Guardian Jet, Latitude brochure page",https://www.guardianjet.com/jet-aircraft-online-tools/aircraft-brochure.cfm?m=Cessna%2FTextron-Latitude-192,read 2026-10-06,Low end of market price range across model years 2016 to 2026; 13 for sale
Citation Latitude,2016-2026,23000000,Asking price range,"Guardian Jet, Latitude brochure page",https://www.guardianjet.com/jet-aircraft-online-tools/aircraft-brochure.cfm?m=Cessna%2FTextron-Latitude-192,read 2026-10-06,High end of same range (likely a new or nearly new aircraft)
Citation Latitude,2018,16300000,Value model,Radar (useradar.com),https://www.useradar.com/aircraft/models/cessna-citation-latitude,read 2026-10-06,"N1705C; listing-based estimate, not an appraisal"
Citation Latitude,2020-2024,17500000,Article estimate,"ThePricer, How much does a Cessna Citation Latitude cost",https://www.thepricer.org/how-much-does-a-cessna-citation-latitude-cost/,2026-06-18,"Low end of 17.5M to 19.5M, attributed to Aircraft Bluebook"
Citation Latitude,2020-2024,19500000,Article estimate,ThePricer,https://www.thepricer.org/how-much-does-a-cessna-citation-latitude-cost/,2026-06-18,"High end of 17.5M to 19.5M, attributed to Aircraft Bluebook"
Citation Latitude,2021,18000000,Value model,Radar (useradar.com),https://www.useradar.com/aircraft/models/cessna-citation-latitude,read 2026-10-06,"N100GZ; listing-based estimate, not an appraisal"
Citation Latitude,2022,16300000,Value model,Radar (useradar.com),https://www.useradar.com/aircraft/models/cessna-citation-latitude,read 2026-10-06,"N146G; listing-based estimate, not an appraisal"
Citation Latitude,2025,19300000,Value model,Radar (useradar.com),https://www.useradar.com/aircraft/models/cessna-citation-latitude,read 2026-10-06,"N16GS; listing-based estimate, not an appraisal"
Citation Latitude,2025,19800000,Value model,Radar (useradar.com),https://www.useradar.com/aircraft/models/cessna-citation-latitude,read 2026-10-06,"N1630; listing-based estimate, not an appraisal"
Citation Latitude,all years,12000000,Asking price range,"Business Jet Traveler, Cessna Citation Latitude data panel",https://www.bjtonline.com/aircraft/cessna-citation-latitude,2026-06-11,"Average asking price; range 11M to 13M; 6 on market; price new shown as 17M, so the market data is probably several years old"
Citation Latitude,all years,11000000,Reported sale,Business Jet Traveler,https://www.bjtonline.com/aircraft/cessna-citation-latitude,2026-06-11,Average sale price; range 9.5M to 13M; data date unclear
Citation Latitude,not stated,18795000,Reported sale,ThePricer,https://www.thepricer.org/how-much-does-a-cessna-citation-latitude-cost/,2026-06-18,"Average sold amount through Q4 2025, six transactions, build years not stated"
Citation Sovereign,,6400000,Value model,Radar: Cessna Citation Sovereign (original Sovereign variant section),https://www.useradar.com/aircraft/models/cessna-citation-sovereign,read 2026-10-06,"Original Sovereign (Radar: built 2004-2013, 23 aircraft on Radar); ""About $6.4M""."
Citation Sovereign,2004,5590000,Asking price range,Radar: Cessna Citation Sovereign listing-based estimates,https://www.useradar.com/aircraft/models/cessna-citation-sovereign,read 2026-10-06,"N1027P; Radar rough estimate compiled from public listings and market reports, not an appraisal or sale."
Citation Sovereign,2004-2013,6600000,Article estimate,"Business Jet Traveler (Mark Huber), citing Vref",https://bjtonline.com/business-jet-news/the-citation-sovereign-still-reigns-supreme,2023-10-01,Low end of Vref retail range $6.6M to $10.8M for used original Sovereigns.
Citation Sovereign,2004-2013,10800000,Article estimate,"Business Jet Traveler (Mark Huber), citing Vref",https://bjtonline.com/business-jet-news/the-citation-sovereign-still-reigns-supreme,2023-10-01,High end of the same Vref range.
Citation Sovereign,2005,6400000,Asking price range,Radar: Cessna Citation Sovereign listing-based estimates,https://www.useradar.com/aircraft/models/cessna-citation-sovereign,read 2026-10-06,"N110LE; Radar rough estimate compiled from public listings and market reports, not an appraisal or sale."
Citation Sovereign,2005,5800000,Asking price range,Radar: Cessna Citation Sovereign listing-based estimates,https://www.useradar.com/aircraft/models/cessna-citation-sovereign,read 2026-10-06,"N147WR; Radar rough estimate compiled from public listings and market reports, not an appraisal or sale."
Citation Sovereign,2005,8700000,Asking price range,Radar: Cessna Citation Sovereign listing-based estimates,https://www.useradar.com/aircraft/models/cessna-citation-sovereign,read 2026-10-06,"N166HL; Radar rough estimate compiled from public listings and market reports, not an appraisal or sale."
Citation Sovereign,2005,5000000,Asking price range,Radar: Cessna Citation Sovereign listing-based estimates,https://www.useradar.com/aircraft/models/cessna-citation-sovereign,read 2026-10-06,"N167SA; Radar rough estimate compiled from public listings and market reports, not an appraisal or sale."
Citation Sovereign,2007,6400000,Asking price range,Radar: Cessna Citation Sovereign listing-based estimates,https://www.useradar.com/aircraft/models/cessna-citation-sovereign,read 2026-10-06,"N11GU; Radar rough estimate compiled from public listings and market reports, not an appraisal or sale."
Citation Sovereign,2007,5500000,Asking price range,Radar: Cessna Citation Sovereign listing-based estimates,https://www.useradar.com/aircraft/models/cessna-citation-sovereign,read 2026-10-06,"N101FC; Radar rough estimate compiled from public listings and market reports, not an appraisal or sale."
Citation Sovereign,2007,6000000,Asking price range,Radar: Cessna Citation Sovereign listing-based estimates,https://www.useradar.com/aircraft/models/cessna-citation-sovereign,read 2026-10-06,"N163R; Radar rough estimate compiled from public listings and market reports, not an appraisal or sale."
Citation Sovereign,2007,5570000,Asking price range,Radar: Cessna Citation Sovereign listing-based estimates,https://www.useradar.com/aircraft/models/cessna-citation-sovereign,read 2026-10-06,"N178RH; Radar rough estimate compiled from public listings and market reports, not an appraisal or sale."
Citation Sovereign,2008,6190000,Asking price range,Radar: Cessna Citation Sovereign listing-based estimates,https://www.useradar.com/aircraft/models/cessna-citation-sovereign,read 2026-10-06,"N128AJ; Radar rough estimate compiled from public listings and market reports, not an appraisal or sale."
Citation Sovereign,2010,6500000,Asking price range,Radar: Cessna Citation Sovereign listing-based estimates,https://www.useradar.com/aircraft/models/cessna-citation-sovereign,read 2026-10-06,"N11UD; Radar rough estimate compiled from public listings and market reports, not an appraisal or sale."
Citation Sovereign,2010,9000000,Asking price range,Radar: Cessna Citation Sovereign listing-based estimates,https://www.useradar.com/aircraft/models/cessna-citation-sovereign,read 2026-10-06,"N19MK; Radar rough estimate compiled from public listings and market reports, not an appraisal or sale."
Citation Sovereign,2010,8500000,Asking price range,Radar: Cessna Citation Sovereign listing-based estimates,https://www.useradar.com/aircraft/models/cessna-citation-sovereign,read 2026-10-06,"N122PH; Radar rough estimate compiled from public listings and market reports, not an appraisal or sale."
Citation Sovereign,2011,7490000,Asking price range,Radar: Cessna Citation Sovereign listing-based estimates,https://www.useradar.com/aircraft/models/cessna-citation-sovereign,read 2026-10-06,"N18WE; Radar rough estimate compiled from public listings and market reports, not an appraisal or sale."
Citation Sovereign,2012,10000000,Asking price range,Radar: Cessna Citation Sovereign listing-based estimates,https://www.useradar.com/aircraft/models/cessna-citation-sovereign,read 2026-10-06,"N1010N; Radar rough estimate compiled from public listings and market reports, not an appraisal or sale."
Citation X,1996-2012,3000000,Asking price range,"Business Jet Traveler, Cessna Citation X data panel",https://www.bjtonline.com/aircraft/cessna-citation-x,2026-06-11,Average asking price; range 2.0M to 4.8M; 22 on market (7% of fleet)
Citation X,1996-2012,2400000,Reported sale,Business Jet Traveler,https://www.bjtonline.com/aircraft/cessna-citation-x,2026-06-11,Average sale price; range 1.0M to 5.4M
Citation X,1996-2012,3500000,Value model,Radar (useradar.com),https://www.useradar.com/aircraft/models/cessna-citation-x,read 2026-10-06,"Radar original Citation X variant value, about 3.5M (all build years)"
Citation X,1997,3000000,Value model,Radar (useradar.com),https://www.useradar.com/aircraft/models/cessna-citation-x,read 2026-10-06,"N16PR; listing-based estimate for original Citation X, not an appraisal"
Citation X,1999,3000000,Value model,Radar (useradar.com),https://www.useradar.com/aircraft/models/cessna-citation-x,read 2026-10-06,"N100MA; listing-based estimate for original Citation X, not an appraisal"
Citation X,1999,3000000,Value model,Radar (useradar.com),https://www.useradar.com/aircraft/models/cessna-citation-x,read 2026-10-06,"N102VR; listing-based estimate for original Citation X, not an appraisal"
Citation X,1999,3000000,Value model,Radar (useradar.com),https://www.useradar.com/aircraft/models/cessna-citation-x,read 2026-10-06,"N104R; listing-based estimate for original Citation X, not an appraisal"
Citation X,2000,3400000,Value model,Radar (useradar.com),https://www.useradar.com/aircraft/models/cessna-citation-x,read 2026-10-06,"N107AV; listing-based estimate for original Citation X, not an appraisal"
Citation X,2000,3000000,Value model,Radar (useradar.com),https://www.useradar.com/aircraft/models/cessna-citation-x,read 2026-10-06,"N138SP; listing-based estimate for original Citation X, not an appraisal"
Citation X,2000,3000000,Value model,Radar (useradar.com),https://www.useradar.com/aircraft/models/cessna-citation-x,read 2026-10-06,"N151SB; listing-based estimate for original Citation X, not an appraisal"
Citation X,2000,3000000,Value model,Radar (useradar.com),https://www.useradar.com/aircraft/models/cessna-citation-x,read 2026-10-06,"N200JT; listing-based estimate for original Citation X, not an appraisal"
Citation X,2002,3700000,Value model,Radar (useradar.com),https://www.useradar.com/aircraft/models/cessna-citation-x,read 2026-10-06,"N1AP; listing-based estimate for original Citation X, not an appraisal"
Citation X,2002,4000000,Value model,Radar (useradar.com),https://www.useradar.com/aircraft/models/cessna-citation-x,read 2026-10-06,"N10AM; listing-based estimate for original Citation X, not an appraisal"
Citation X,2002,3500000,Value model,Radar (useradar.com),https://www.useradar.com/aircraft/models/cessna-citation-x,read 2026-10-06,"N125RH; listing-based estimate for original Citation X, not an appraisal"
Citation X,2004,5600000,Value model,Radar (useradar.com),https://www.useradar.com/aircraft/models/cessna-citation-x,read 2026-10-06,"N10XT; listing-based estimate for original Citation X, not an appraisal"
Citation X,2004,3640000,Value model,Radar (useradar.com),https://www.useradar.com/aircraft/models/cessna-citation-x,read 2026-10-06,"N12BA; listing-based estimate for original Citation X, not an appraisal"
Citation X,2007,23700000,Value model,Radar (useradar.com),https://www.useradar.com/aircraft/models/cessna-citation-x,read 2026-10-06,"N1HS; listing-based estimate for original Citation X, not an appraisal; 23.7M looks wrong for a 2007 original X (same as the 2018 X+ figure); excluded"
Citation X,2008,8400000,Value model,Radar (useradar.com),https://www.useradar.com/aircraft/models/cessna-citation-x,read 2026-10-06,"N104RP; listing-based estimate for original Citation X, not an appraisal"
Citation X,2010,6000000,Value model,Radar (useradar.com),https://www.useradar.com/aircraft/models/cessna-citation-x,read 2026-10-06,"N1SA; listing-based estimate for original Citation X, not an appraisal"
Citation X,2018,23700000,Value model,Radar (useradar.com),https://www.useradar.com/aircraft/models/cessna-citation-x,read 2026-10-06,"N10HH; this is a Citation X+, not the original X; excluded"
Citation XLS,,5700000,Value model,Radar: Cessna Citation XLS (original XLS variant section),https://www.useradar.com/aircraft/models/cessna-citation-xls,read 2026-10-06,"Original XLS (built 2004-2009, 194 aircraft); ""About $5.7M""; no build-year breakdown for this variant."
Citation XLS,2001-2005,5039063,Reported sale,findaircraft.com Citation XLS market report,https://findaircraft.com/market-reports/cessna-citation-xls/,read 2026-10-06,"Average sold price, 16 sales, ADN marketplace transactions; group may include late Excels. Data to Q3 2026."
Citation XLS,2006-2010,5647458,Reported sale,findaircraft.com Citation XLS market report,https://findaircraft.com/market-reports/cessna-citation-xls/,read 2026-10-06,"Average sold price, 59 sales; mixes original XLS (to 2009) with XLS+ (from 2008)."
Citation XLS,2008,4600000,Value model,Radar: Cessna Citation XLS (XLS+ value model),https://www.useradar.com/aircraft/models/cessna-citation-xls,read 2026-10-06,"XLS+ variant, not the original XLS. Recorded only as a depreciation-rate proxy."
Citation XLS,2009,5000000,Value model,Radar: Cessna Citation XLS (XLS+ value model),https://www.useradar.com/aircraft/models/cessna-citation-xls,read 2026-10-06,"XLS+ variant, proxy only."
Citation XLS,2013,6900000,Value model,Radar: Cessna Citation XLS (XLS+ value model),https://www.useradar.com/aircraft/models/cessna-citation-xls,read 2026-10-06,"XLS+ variant, proxy only."
Citation XLS,2021,12900000,Value model,Radar: Cessna Citation XLS (XLS+ value model),https://www.useradar.com/aircraft/models/cessna-citation-xls,read 2026-10-06,"XLS+ variant, proxy only."
Embraer Praetor 600,,21500000,Article estimate,"Aviation Week, 20/Twenty: Praetor 500 and 600",https://aviationweek.com/business-aviation/aircraft-propulsion/20twenty-long-prospects-praetor-500-600,2023-05-30,"Average pre-owned retail value, spring 2023; new equipped price $21,995,000."
Embraer Praetor 600,,27000000,Asking price range,"Guardian Jet, Compare Aircraft Models: Praetor 600",https://guardianjet.com/jet-aircraft-online-tools/compare-jet-aircraft.cfm?mids=201,read 2026-10-06,"All build years: range $22M to $32M (price is midpoint), 14 for sale."
Embraer Praetor 600,2019,20000000,Value model,Radar (rough range by build year; not a type-specific value model),https://www.useradar.com/aircraft/models/embraer-praetor-600,read 2026-10-06,Based on jets of similar engine thrust and age.
Embraer Praetor 600,2019-2022,20500000,Asking price range,"jetAVIVA, Praetor 600 Market Pulse",https://www.jetaviva.com/strong-demand-limited-supply-the-praetor-600-market-pulse/,2025-10-24,Range $18M to $23M; price is the midpoint.
Embraer Praetor 600,2020,21000000,Value model,Radar (rough range by build year),https://www.useradar.com/aircraft/models/embraer-praetor-600,read 2026-10-06,
Embraer Praetor 600,2021,22000000,Value model,Radar (rough range by build year),https://www.useradar.com/aircraft/models/embraer-praetor-600,read 2026-10-06,
Embraer Praetor 600,2022,22000000,Value model,Radar (rough range by build year),https://www.useradar.com/aircraft/models/embraer-praetor-600,read 2026-10-06,
Embraer Praetor 600,2023,22000000,Value model,Radar (rough range by build year),https://www.useradar.com/aircraft/models/embraer-praetor-600,read 2026-10-06,Radar shows $22M for every year 2021-2026.
Embraer Praetor 600,2023-2025,27000000,Asking price range,"jetAVIVA, Praetor 600 Market Pulse",https://www.jetaviva.com/strong-demand-limited-supply-the-praetor-600-market-pulse/,2025-10-24,"Range $25M to $29M; price is the midpoint. Average asking of all listings ""just above $20M""."
Gulfstream G280,,20200000,Asking price range,"Guardian Jet, Compare Aircraft Models: G280",https://guardianjet.com/jet-aircraft-online-tools/compare-jet-aircraft.cfm?mids=30,read 2026-10-06,"All build years: average $20.2M, asking range $13.4M to $27M, 11 for sale."
Gulfstream G280,,14000000,Asking price range,"Business Jet Traveler / Elliott Jets Q4 2025 (via web search summary, not read directly)",https://elliottjets.com/market-report/super-mid-size-jet-market-report-winter-2026/,,"Average asking about $14M, range $12M to $17M, end of 2025; build years not given."
Gulfstream G280,2012,12000000,Value model,"Radar (listing-based estimate, tail N187SF)",https://www.useradar.com/aircraft/models/gulfstream-g280,read 2026-10-06,Outside 2014-2018 window
Gulfstream G280,2014,14000000,Article estimate,"AvBuyer, Gulfstream G280 price guide",https://www.avbuyer.com/articles/jets-prices-guides/gulfstream-g280-price-guide-112594,,From search-index text of an earlier version of the page; the current version (2025-05-21) shows only 2020-2024. Date unknown.
Gulfstream G280,2015,12500000,Article estimate,"Business Jet Traveler, Gulfstream G280",https://bjtonline.com/business-jet-news/gulfstream-g280-0,2021-08-01,"""For as little as $12.5 million, you can buy a six-year-old G280"" (i.e. a 2015 build, 2021 prices). Same article: new price $24.5M."
Gulfstream G280,2015,12000000,Value model,"Radar (listing-based estimate, tail N1FC)",https://www.useradar.com/aircraft/models/gulfstream-g280,read 2026-10-06,
Gulfstream G280,2015,16000000,Value model,"Radar (listing-based estimate, tail N15TT)",https://www.useradar.com/aircraft/models/gulfstream-g280,read 2026-10-06,
Gulfstream G280,2016,15000000,Article estimate,"AvBuyer, Gulfstream G280 price guide",https://www.avbuyer.com/articles/jets-prices-guides/gulfstream-g280-price-guide-112594,,As above; date unknown.
Gulfstream G280,2016,15000000,Value model,"Radar (listing-based estimate, tail N101XT)",https://www.useradar.com/aircraft/models/gulfstream-g280,read 2026-10-06,
Gulfstream G280,2018,17000000,Article estimate,"AvBuyer, Gulfstream G280 price guide",https://www.avbuyer.com/articles/jets-prices-guides/gulfstream-g280-price-guide-112594,,As above; date unknown.
Gulfstream G280,2020,17000000,Value model,"Radar (listing-based estimate, tail N127SF)",https://www.useradar.com/aircraft/models/gulfstream-g280,read 2026-10-06,
Gulfstream G280,2020,17750000,Value model,AvBuyer price guide (Aircraft Bluebook values),https://www.avbuyer.com/articles/jets-prices-guides/gulfstream-g280-price-guide-112594,2025-05-21,
Gulfstream G280,2021,20000000,Value model,"Radar (listing-based estimate, tail N116NC)",https://www.useradar.com/aircraft/models/gulfstream-g280,read 2026-10-06,
Gulfstream G280,2021,18750000,Value model,AvBuyer price guide (Aircraft Bluebook values),https://www.avbuyer.com/articles/jets-prices-guides/gulfstream-g280-price-guide-112594,2025-05-21,
Gulfstream G280,2022,20750000,Value model,AvBuyer price guide (Aircraft Bluebook values),https://www.avbuyer.com/articles/jets-prices-guides/gulfstream-g280-price-guide-112594,2025-05-21,
Gulfstream G280,2023,24500000,Value model,"Radar (listing-based estimate, tail N14GW)",https://www.useradar.com/aircraft/models/gulfstream-g280,read 2026-10-06,
Gulfstream G280,2023,21500000,Value model,AvBuyer price guide (Aircraft Bluebook values),https://www.avbuyer.com/articles/jets-prices-guides/gulfstream-g280-price-guide-112594,2025-05-21,
Gulfstream G280,2024,22500000,Value model,AvBuyer price guide (Aircraft Bluebook values),https://www.avbuyer.com/articles/jets-prices-guides/gulfstream-g280-price-guide-112594,2025-05-21,
Gulfstream G280,2025,25000000,Value model,"Radar (listing-based estimate, tail N15EW)",https://www.useradar.com/aircraft/models/gulfstream-g280,read 2026-10-06,
Gulfstream G280,2025,24500000,Value model,"Radar (listing-based estimate, tail N125TR)",https://www.useradar.com/aircraft/models/gulfstream-g280,read 2026-10-06,
Gulfstream G280,2025,24000000,Value model,"Radar (listing-based estimate, tail N112GD)",https://www.useradar.com/aircraft/models/gulfstream-g280,read 2026-10-06,
Hawker 800XP,1996,1800000,Value model,"Radar, Hawker 800XP model page",https://www.useradar.com/aircraft/models/hawker-800xp,read 2026-10-06,N104LR; Radar listing-based estimate for one aircraft
Hawker 800XP,1996-2005,1700000-3900000,Value model,"Radar, Hawker 800XP model page",https://www.useradar.com/aircraft/models/hawker-800xp,read 2026-10-06,"Radar spread across 18 aircraft, middle $2.6M"
Hawker 800XP,1997,2600000,Value model,"Radar, Hawker 800XP model page",https://www.useradar.com/aircraft/models/hawker-800xp,read 2026-10-06,N14PB; Radar listing-based estimate for one aircraft
Hawker 800XP,1997,1900000,Value model,"Radar, Hawker 800XP model page",https://www.useradar.com/aircraft/models/hawker-800xp,read 2026-10-06,N100HL; Radar listing-based estimate for one aircraft
Hawker 800XP,1997-2005,1800000-2200000,Asking price range,"Evo Jets, Hawker 800XP for sale overview",https://www.evojets.com/aircraft-sales/midsize-jets/hawker-800xp/,read 2026-10-06,Broker overview range
Hawker 800XP,1997-2006,1250000-4200000,Asking price range,"Guardian Jet, Hawker 800XP aircraft brochure",https://www.guardianjet.com/jet-aircraft-online-tools/aircraft-brochure.cfm?m=Hawker%2FTextron-800XP-143,read 2026-10-06,"Guardian Jet market data, 36 for sale"
Hawker 800XP,1998,2600000,Value model,"Radar, Hawker 800XP model page",https://www.useradar.com/aircraft/models/hawker-800xp,read 2026-10-06,N110WS; Radar listing-based estimate for one aircraft
Hawker 800XP,1998,1960000,Value model,"Radar, Hawker 800XP model page",https://www.useradar.com/aircraft/models/hawker-800xp,read 2026-10-06,N150JM; Radar listing-based estimate for one aircraft
Hawker 800XP,1999,2300000,Value model,"Radar, Hawker 800XP model page",https://www.useradar.com/aircraft/models/hawker-800xp,read 2026-10-06,N15RY; Radar listing-based estimate for one aircraft
Hawker 800XP,1999,1700000,Value model,"Radar, Hawker 800XP model page",https://www.useradar.com/aircraft/models/hawker-800xp,read 2026-10-06,N312S; Radar listing-based estimate for one aircraft
Hawker 800XP,2000,2500000,Value model,"Radar, Hawker 800XP model page",https://www.useradar.com/aircraft/models/hawker-800xp,read 2026-10-06,N125XP; Radar listing-based estimate for one aircraft
Hawker 800XP,2001,2500000,Value model,"Radar, Hawker 800XP model page",https://www.useradar.com/aircraft/models/hawker-800xp,read 2026-10-06,N18GU; Radar listing-based estimate for one aircraft
Hawker 800XP,2002,2700000,Value model,"Radar, Hawker 800XP model page",https://www.useradar.com/aircraft/models/hawker-800xp,read 2026-10-06,N130YB; Radar listing-based estimate for one aircraft
Hawker 800XP,2002,3300000,Value model,"Radar, Hawker 800XP model page",https://www.useradar.com/aircraft/models/hawker-800xp,read 2026-10-06,N864BF; Radar listing-based estimate for one aircraft
Hawker 800XP,2003,2600000,Value model,"Radar, Hawker 800XP model page",https://www.useradar.com/aircraft/models/hawker-800xp,read 2026-10-06,N17TV; Radar listing-based estimate for one aircraft
Hawker 800XP,2003,2600000,Value model,"Radar, Hawker 800XP model page",https://www.useradar.com/aircraft/models/hawker-800xp,read 2026-10-06,N108RL; Radar listing-based estimate for one aircraft
Hawker 800XP,2003,2600000,Value model,"Radar, Hawker 800XP model page",https://www.useradar.com/aircraft/models/hawker-800xp,read 2026-10-06,N118DL; Radar listing-based estimate for one aircraft
Hawker 800XP,2003,2500000,Value model,"Radar, Hawker 800XP model page",https://www.useradar.com/aircraft/models/hawker-800xp,read 2026-10-06,N159FM; Radar listing-based estimate for one aircraft
Hawker 800XP,2004,2700000,Value model,"Radar, Hawker 800XP model page",https://www.useradar.com/aircraft/models/hawker-800xp,read 2026-10-06,N120JW; Radar listing-based estimate for one aircraft
Hawker 800XP,2005,13200000,Article estimate,"Aviation Week, ""20/Twenty: Hawker 800XP, Enduring Value Years After Production"" (Bill Carey)",https://aviationweek.com/business-aviation/aircraft-propulsion/20twenty-hawker-800xp-enduring-value-years-after-production,2021-07-26,"New price 2005 model year, average equipped ($12.9M base)"
Hawker 800XP,2005,3900000,Value model,"Radar, Hawker 800XP model page",https://www.useradar.com/aircraft/models/hawker-800xp,read 2026-10-06,N110GD; Radar listing-based estimate for one aircraft
Hawker 800XP,2005,2800000,Value model,"Radar, Hawker 800XP model page",https://www.useradar.com/aircraft/models/hawker-800xp,read 2026-10-06,N1036S; Radar listing-based estimate for one aircraft
Hawker 800XP,all years,1700000,Article estimate,"Aviation Week, ""20/Twenty: Hawker 800XP, Enduring Value Years After Production"" (Bill Carey)",https://aviationweek.com/business-aviation/aircraft-propulsion/20twenty-hawker-800xp-enduring-value-years-after-production,2021-07-26,Average retail per Aircraft Bluebook summer 2021; selling in low-to-upper $1M range
Hawker 800XP,all years,1400000,Reported sale,"Business Jet Traveler aircraft directory, Hawker 800XP",https://www.bjtonline.com/aircraft/beechcraft-hawker-800xp,2026-06-11,"Average sale price, whole fleet (range $500K-$2.5M); average asking $1.7M (range $795K-$3.2M), 56 for sale"
Learjet 60,1992,1580000,Value model,"Radar, Learjet 60 model page",https://www.useradar.com/aircraft/models/learjet-60,read 2026-10-06,N117KB; Radar listing-based estimate for one aircraft
Learjet 60,1993,1150000,Article estimate,"Aviation Week, ""The Learjet 60: Solid Reliability, But Short Cabin"" (Fred George)",https://aviationweek.com/business-aviation/aircraft-propulsion/learjet-60-solid-reliability-short-cabin,2024-06-24,"Vref value, original Model 60 enrolled on engine program"
Learjet 60,1993,1520000,Value model,"Radar, Learjet 60 model page",https://www.useradar.com/aircraft/models/learjet-60,read 2026-10-06,N14TU; Radar listing-based estimate for one aircraft
Learjet 60,1993-2012,1845000-2255000,Asking price range,"Evo Jets, Lear 60 for sale overview",https://www.evojets.com/aircraft-sales/midsize-jets/lear-60/,read 2026-10-06,Broker overview range
Learjet 60,1994,3500000,Value model,"Radar, Learjet 60 model page",https://www.useradar.com/aircraft/models/learjet-60,read 2026-10-06,N168HL; Radar listing-based estimate for one aircraft; outlier
Learjet 60,1994-2007,1595000-3500000,Asking price range,"Guardian Jet, Learjet 60 aircraft brochure",https://www.guardianjet.com/jet-aircraft-online-tools/aircraft-brochure.cfm?m=Bombardier-Learjet-60-59,read 2026-10-06,"Guardian Jet market data, 20 for sale; typical purchase price used $2,547,500"
Learjet 60,1996,1700000,Value model,"Radar, Learjet 60 model page",https://www.useradar.com/aircraft/models/learjet-60,read 2026-10-06,N156DH; Radar listing-based estimate for one aircraft
Learjet 60,1996,1700000,Value model,"Radar, Learjet 60 model page",https://www.useradar.com/aircraft/models/learjet-60,read 2026-10-06,N160EE; Radar listing-based estimate for one aircraft
Learjet 60,1997,6900000,Article estimate,"Business Jet Traveler, ""Learjet 60"" (used aircraft review)",https://www.bjtonline.com/business-jet-news/learjet-60,2008-08-04,"2008 average price for a 1997 aircraft (new $10.8M); historical, used only for value-loss cross-check"
Learjet 60,1997,2000000,Value model,"Radar, Learjet 60 model page",https://www.useradar.com/aircraft/models/learjet-60,read 2026-10-06,N16CS; Radar listing-based estimate for one aircraft
Learjet 60,1998,2500000,Value model,"Radar, Learjet 60 model page",https://www.useradar.com/aircraft/models/learjet-60,read 2026-10-06,N11AM; Radar listing-based estimate for one aircraft
Learjet 60,1998,1940000,Value model,"Radar, Learjet 60 model page",https://www.useradar.com/aircraft/models/learjet-60,read 2026-10-06,N160BP; Radar listing-based estimate for one aircraft
Learjet 60,1999,2600000,Value model,"Radar, Learjet 60 model page",https://www.useradar.com/aircraft/models/learjet-60,read 2026-10-06,N10MB; Radar listing-based estimate for one aircraft
Learjet 60,1999,2000000,Value model,"Radar, Learjet 60 model page",https://www.useradar.com/aircraft/models/learjet-60,read 2026-10-06,N101SS; Radar listing-based estimate for one aircraft
Learjet 60,2000,1150000,Value model,"Radar, Learjet 60 model page",https://www.useradar.com/aircraft/models/learjet-60,read 2026-10-06,"N178MM; Radar listing-based estimate for one aircraft; Radar lists this tail under 60XR, but 2000 predates the XR; treat as a 60"
Learjet 60,2001,2000000,Value model,"Radar, Learjet 60 model page",https://www.useradar.com/aircraft/models/learjet-60,read 2026-10-06,N1221M; Radar listing-based estimate for one aircraft
Learjet 60,2004,2400000,Article estimate,"Aviation Week, ""The Learjet 60: Solid Reliability, But Short Cabin"" (Fred George)",https://aviationweek.com/business-aviation/aircraft-propulsion/learjet-60-solid-reliability-short-cabin,2024-06-24,"Vref value, original Model 60"
Learjet 60,2007,3000000,Value model,"Radar, Learjet 60 model page",https://www.useradar.com/aircraft/models/learjet-60,read 2026-10-06,N113DJ; Radar listing-based estimate for one aircraft; likely 60SE build year
Learjet 60,2008,3000000,Value model,"Radar, Learjet 60 model page",https://www.useradar.com/aircraft/models/learjet-60,read 2026-10-06,N160SJ; Radar listing-based estimate for one aircraft; 60XR
Learjet 60,60SE 2004-2007,2500000-2700000,Article estimate,"Aviation Week, ""The Learjet 60: Solid Reliability, But Short Cabin"" (Fred George)",https://aviationweek.com/business-aviation/aircraft-propulsion/learjet-60-solid-reliability-short-cabin,2024-06-24,Vref value
Learjet 60,60XR 2007-2012,2800000-5700000,Value model,"Radar, Learjet 60 model page",https://www.useradar.com/aircraft/models/learjet-60,read 2026-10-06,Radar rough value range for 60XR by build year
Learjet 60,60XR 2007-2013,3400000-5000000,Article estimate,"Aviation Week, ""The Learjet 60: Solid Reliability, But Short Cabin"" (Fred George)",https://aviationweek.com/business-aviation/aircraft-propulsion/learjet-60-solid-reliability-short-cabin,2024-06-24,Vref value
Learjet 60,all years,1400000,Reported sale,"Business Jet Traveler aircraft directory, Learjet 60",https://www.bjtonline.com/aircraft/bombardier-learjet-60,2026-06-11,"Average sale price (range $960K-$2.1M); average asking $1.7M (range $895K-$3.0M), 34 for sale"
